{
    "loss": 0.6754627823829651,
    "accuracy": 0.9568345546722412
}