{
    "loss": 0.839577317237854,
    "accuracy": 0.8920863270759583
}