{
    "loss": 2.5072619915008545,
    "accuracy": 0.6690647602081299
}