{
    "loss": 3.5010294914245605,
    "accuracy": 0.6546762585639954
}