{
    "loss": 6.196905612945557,
    "accuracy": 0.5035971403121948
}